Stock,Signals today,Rank,Exp/DAY%,RS%,Trades,Win%,Target #,Target %,Trail #,Trail %,Stop #,Stop %,Time #,Time %,Time-win,Time-loss,Expectancy%,Avg win%,Avg loss%,Avg days,BT from,BT to,Years,Remark,Loss %,Reward Risk,Profit Factor,Trades / Year,Annual Expectancy,Winning Exit %,Losing Exit %,Target Efficiency,Trail Efficiency,Stop Efficiency,Time Efficiency,Holding Efficiency,Profit Velocity,Signal Density,Trade Frequency,Exit Quality,Trading Style,Confidence Score,Risk Score,Opportunity Score,Consistency Score,Composite Score,Overall Rating,Recommendation,Institution Rank,Quality Flag,Exit Dominance,Risk Category
ADANIENT,True,4.22,0.081,42.3,708,36.2,180,25.4,77,10.9,447,63.1,4,0.6,0,4,0.86,10.32,-4.49,10.6,2015-09-18,2026-07-13,10.8,,63.8,,,65.56,56.38,36.3,67.1,25.42,10.88,63.14,0.56,0.081,57.35,0.001,0.26,Negative,Position,91.39,61.15,,,,Poor,REJECT,1,"Low Edge, High Stop Rate",Stop,Medium Risk
PERSISTENT,False,2.97,0.122,-11.34,542,41.3,147,27.1,79,14.6,316,58.3,0,0.0,0,0,1.41,8.72,-3.74,11.6,2015-09-18,2026-07-13,10.8,,58.7,,,50.19,70.77,41.7,58.3,27.12,14.58,58.3,0.0,0.122,66.12,0.0,0.199,Negative,Position,79.23,59.02,,,,Poor,REJECT,2,High Stop Rate,Stop,High Risk
HFCL,True,8.52,0.162,137.62,494,37.2,175,35.4,9,1.8,306,61.9,4,0.8,0,4,1.35,13.47,-5.84,8.4,2015-09-18,2026-07-13,10.8,,62.8,,,45.74,61.75,37.2,65.9,35.43,1.82,61.94,0.81,0.161,80.03,0.002,0.182,Negative,Position,74.65,86.45,,,,Poor,REJECT,3,High Stop Rate,Stop,Low Risk
DIXON,False,12.1,0.203,15.94,508,42.1,164,32.3,56,11.0,286,56.3,2,0.4,0,2,2.62,11.52,-3.85,13.0,2017-09-18,2026-07-13,8.8,limited history: 8.8y (<10y) - lower confidence,57.9,,,57.73,151.25,43.3,58.3,32.28,11.02,56.3,0.39,0.202,103.12,0.0,0.229,Negative,Position,72.43,59.09,,,,Poor,REJECT,4,High Stop Rate,Stop,High Risk
BEL,False,0.0,-0.119,-14.17,584,23.1,54,9.2,90,15.4,437,74.8,3,0.5,0,3,-1.13,5.68,-3.18,9.6,2015-09-18,2026-07-13,10.8,,76.9,,,54.07,-61.1,24.6,77.8,9.25,15.41,74.83,0.51,-0.118,-69.5,0.0,0.215,Negative,Position,70.57,26.82,,,,Poor,REJECT,5,"Low Edge, High Stop Rate",Stop,Very High Risk
CUMMINSIND,True,0.94,0.026,5.08,482,32.6,79,16.4,83,17.2,319,66.2,1,0.2,0,1,0.27,7.1,-3.03,10.5,2015-09-18,2026-07-13,10.8,,67.4,,,44.63,12.05,33.6,67.2,16.39,17.22,66.18,0.21,0.026,12.53,0.002,0.177,Negative,Position,68.29,39.31,,,,Poor,REJECT,6,"Low Edge, High Stop Rate",Stop,Very High Risk
MOTHERSON,False,0.27,0.006,10.66,476,35.7,83,17.4,90,18.9,302,63.4,1,0.2,0,1,0.06,6.73,-3.64,11.6,2015-09-18,2026-07-13,10.8,,64.3,,,44.07,2.64,36.3,64.4,17.44,18.91,63.45,0.21,0.005,2.86,0.0,0.175,Negative,Position,66.73,47.57,,,,Poor,REJECT,7,"Low Edge, High Stop Rate",Stop,High Risk
KEC,False,0.0,-0.021,-16.42,489,29.0,106,21.7,39,8.0,343,70.1,1,0.2,0,1,-0.23,9.37,-4.17,11.0,2015-09-18,2026-07-10,10.8,,71.0,,,45.28,-10.41,29.7,71.1,21.68,7.98,70.14,0.2,-0.021,-10.27,0.0,0.18,Negative,Position,66.47,41.97,,,,Poor,REJECT,8,"Low Edge, High Stop Rate",Stop,High Risk
BALRAMCHIN,True,0.0,-0.132,13.28,535,29.5,110,20.6,51,9.5,370,69.2,4,0.7,0,4,-1.3,6.27,-4.48,9.9,2015-09-18,2026-07-10,10.8,,70.5,,,49.54,-64.4,30.1,73.2,20.56,9.53,69.16,0.75,-0.131,-70.62,0.002,0.197,Negative,Position,65.36,51.25,,,,Poor,REJECT,9,"Low Edge, High Stop Rate",Stop,High Risk
TATAPOWER,False,2.63,0.173,-15.82,362,32.9,95,26.2,25,6.9,242,66.9,0,0.0,0,0,1.69,13.11,-3.91,9.8,2015-09-18,2026-07-13,10.8,,67.1,,,33.52,56.65,33.1,66.9,26.24,6.91,66.85,0.0,0.172,62.63,0.0,0.133,Negative,Position,64.5,50.07,,,,Poor,REJECT,10,High Stop Rate,Stop,High Risk
CEATLTD,False,0.97,0.029,0.74,424,34.9,107,25.2,41,9.7,271,63.9,5,1.2,0,5,0.34,8.71,-4.14,11.6,2015-09-18,2026-07-13,10.8,,65.1,,,39.26,13.35,34.9,68.9,25.24,9.67,63.92,1.18,0.029,12.3,0.0,0.156,Negative,Position,63.44,52.01,,,,Poor,REJECT,11,"Low Edge, High Stop Rate",Stop,High Risk
CDSL,False,3.02,0.094,1.87,471,32.1,122,25.9,29,6.2,317,67.3,3,0.6,0,3,0.95,11.56,-4.05,10.1,2017-06-30,2026-07-13,9.0,limited history: 9.0y (<10y) - lower confidence,67.9,,,52.33,49.71,32.1,70.3,25.9,6.16,67.3,0.64,0.094,44.27,0.0,0.208,Negative,Position,61.92,49.68,,,,Poor,REJECT,12,"Low Edge, High Stop Rate",Stop,High Risk
INDIGO,False,0.0,-0.128,12.18,487,23.0,60,12.3,55,11.3,370,76.0,2,0.4,0,2,-1.17,6.66,-3.51,9.2,2015-11-10,2026-07-13,10.7,,77.0,,,45.51,-53.25,23.6,78.0,12.32,11.29,75.98,0.41,-0.127,-62.34,0.0,0.181,Negative,Position,61.22,29.46,,,,Poor,REJECT,13,"Low Edge, High Stop Rate",Stop,Very High Risk
INFY,False,0.14,0.008,-19.64,328,36.6,28,8.5,95,29.0,197,60.1,8,2.4,0,8,0.11,4.81,-2.6,13.8,2015-09-18,2026-07-13,10.8,,63.4,,,30.37,3.34,37.5,68.1,8.54,28.96,60.06,2.44,0.008,2.62,0.0,0.121,Negative,Position,53.74,34.79,,,,Poor,REJECT,14,"Low Edge, High Stop Rate",Stop,Very High Risk
RELIANCE,False,0.9,0.048,-9.01,290,29.7,37,12.8,51,17.6,200,69.0,2,0.7,0,2,0.53,7.94,-2.59,11.1,2015-09-18,2026-07-13,10.8,,70.3,,,26.85,14.23,30.4,71.0,12.76,17.59,68.97,0.69,0.048,13.92,0.0,0.107,Negative,Position,52.39,26.61,,,,Poor,REJECT,15,"Low Edge, High Stop Rate",Stop,Very High Risk
LICHSGFIN,False,0.0,-0.065,-0.41,326,27.9,55,16.9,41,12.6,230,70.6,0,0.0,0,0,-0.58,6.21,-3.21,9.0,2015-09-18,2026-07-10,10.8,,72.1,,,30.19,-17.51,29.5,70.6,16.87,12.58,70.55,0.0,-0.064,-21.19,0.0,0.12,Negative,Position,50.18,37.9,,,,Poor,REJECT,16,"Low Edge, High Stop Rate",Stop,Very High Risk
MARUTI,False,0.0,-0.028,0.01,288,31.9,16,5.6,77,26.7,194,67.4,1,0.3,0,1,-0.31,4.65,-2.64,11.1,2015-09-18,2026-07-10,10.8,,68.1,,,26.67,-8.27,32.3,68.4,5.56,26.74,67.36,0.35,-0.028,-8.06,0.0,0.106,Negative,Position,48.11,30.4,,,,Poor,REJECT,17,"Low Edge, High Stop Rate",Stop,Very High Risk
YESBANK,False,0.0,-0.048,16.89,287,35.5,64,22.3,40,13.9,177,61.7,6,2.1,0,6,-0.54,6.27,-4.29,11.3,2015-09-18,2026-07-13,10.8,,64.5,,,26.57,-14.35,36.2,67.7,22.3,13.94,61.67,2.09,-0.048,-13.78,0.0,0.105,Negative,Position,46.89,59.22,,,,Poor,REJECT,18,"Low Edge, High Stop Rate",Stop,High Risk
IDEA,True,0.0,-0.167,41.94,320,35.0,104,32.5,8,2.5,200,62.5,8,2.5,0,8,-1.47,7.03,-6.04,8.8,2015-09-18,2026-07-13,10.8,,65.0,,,29.63,-43.56,35.0,70.5,32.5,2.5,62.5,2.5,-0.167,-53.44,0.003,0.118,Negative,Position,45.3,85.93,,,,Poor,REJECT,19,"Low Edge, High Stop Rate",Stop,Low Risk
ITC,False,0.0,-0.084,-10.84,258,29.1,12,4.7,69,26.7,176,68.2,1,0.4,0,1,-0.89,3.52,-2.7,10.7,2015-09-18,2026-07-13,10.8,,70.9,,,23.89,-21.26,31.4,69.2,4.65,26.74,68.22,0.39,-0.083,-21.67,0.0,0.095,Negative,Position,42.59,30.91,,,,Poor,REJECT,20,"Low Edge, High Stop Rate",Stop,Very High Risk
HINDUNILVR,False,0.0,-0.068,-6.19,234,32.1,11,4.7,66,28.2,156,66.7,1,0.4,0,1,-0.74,2.76,-2.39,10.8,2015-09-18,2026-07-13,10.8,,67.9,,,21.67,-16.04,32.9,67.7,4.7,28.21,66.67,0.43,-0.069,-15.91,0.0,0.086,Negative,Position,41.18,30.21,,,,Poor,REJECT,21,"Low Edge, High Stop Rate",Stop,Very High Risk
TCS,False,0.0,-0.011,-19.4,190,32.1,23,12.1,39,20.5,124,65.3,4,2.1,0,4,-0.12,5.05,-2.56,11.0,2015-09-18,2026-07-13,10.8,,67.9,,,17.59,-2.11,32.6,69.3,12.11,20.53,65.26,2.11,-0.011,-2.09,0.0,0.07,Negative,Position,40.27,34.17,,,,Poor,REJECT,22,"Low Edge, High Stop Rate",Stop,Very High Risk
HDFCBANK,False,0.0,-0.008,-3.28,149,34.9,10,6.7,44,29.5,95,63.8,0,0.0,0,0,-0.09,4.15,-2.37,12.0,2015-09-18,2026-07-13,10.8,,65.1,,,13.8,-1.24,36.2,63.8,6.71,29.53,63.76,0.0,-0.008,-1.19,0.0,0.055,Negative,Position,36.75,31.44,,,,Poor,REJECT,23,"Low Edge, High Stop Rate",Stop,Very High Risk
PAYTM,True,0.0,-0.026,15.67,210,30.5,50,23.8,16,7.6,144,68.6,0,0.0,0,0,-0.28,9.18,-4.42,10.6,2021-11-18,2026-07-13,4.6,limited history: 4.6y (<10y) - lower confidence,69.5,,,45.65,-12.78,31.4,68.6,23.81,7.62,68.57,0.0,-0.026,-5.46,0.005,0.181,Negative,Position,11.28,49.22,,,,Poor,REJECT,24,"Low Edge, High Stop Rate",Stop,High Risk
